{"cameraMode":{"drawMode":0,"name":"Shaded","section":"Shading Mode"},"sceneLighting":true,"audioPlay":false,"sceneViewState":{"showFog":true,"showMaterialUpdate":false,"showSkybox":true,"showFlares":true,"showImageEffects":true,"showParticleSystems":true},"in2DMode":false,"pivot":{"x":19.56572723388672,"y":8.538448333740235,"z":1.1167418956756592},"rotation":{"x":-0.152365043759346,"y":0.5397449731826782,"z":-0.10006360709667206,"w":-0.8218576908111572},"size":1.1157959699630738,"orthographic":false}