{"cameraMode":{"drawMode":0,"name":"Shaded","section":"Shading Mode"},"sceneLighting":true,"audioPlay":false,"sceneViewState":{"showFog":true,"showMaterialUpdate":false,"showSkybox":true,"showFlares":true,"showImageEffects":true,"showParticleSystems":true},"in2DMode":false,"pivot":{"x":5.324450492858887,"y":0.9597195386886597,"z":-1.9229427576065064},"rotation":{"x":0.1855231672525406,"y":0.574101448059082,"z":-0.13552695512771607,"w":0.7858887910842896},"size":0.015074750408530236,"orthographic":false}