{"cameraMode":{"drawMode":0,"name":"Shaded","section":"Shading Mode"},"sceneLighting":false,"audioPlay":false,"sceneViewState":{"showFog":true,"showMaterialUpdate":false,"showSkybox":false,"showFlares":true,"showImageEffects":true,"showParticleSystems":true},"in2DMode":false,"pivot":{"x":0.39399999380111697,"y":1.2319999933242798,"z":0.0},"rotation":{"x":-0.16571325063705445,"y":-0.4775206446647644,"z":0.09223770350217819,"w":-0.8579093217849731},"size":0.19055266678333283,"orthographic":false}